FileName,Status
OSI/PI/CPP_313_PRESSURE_R/2020/06/18/CPP_313_PRESSURE_R_20200618_233001.json,Succeeded
OSI/PI/CPP_325_PRESSURE_R/2020/06/18/CPP_325_PRESSURE_R_20200618_233001.json,Succeeded
OSI/PI/CPP_0074_PRESSURE_R/2020/06/18/CPP_0074_PRESSURE_R_20200618_233001.json,Succeeded
OSI/PI/CPP_0349_PRESSURE_R/2020/06/18/CPP_0349_PRESSURE_R_20200618_233001.json,Succeeded
OSI/PI/CPP_0350_PRESSURE_R/2020/06/18/CPP_0350_PRESSURE_R_20200618_233001.json,Succeeded
OSI/PI/CPP_2385_PRESSURE_R/2020/06/18/CPP_2385_PRESSURE_R_20200618_233001.json,Succeeded
OSI/PI/CPP_2895_PRESSURE_R/2020/06/18/CPP_2895_PRESSURE_R_20200618_233001.json,Succeeded
OSI/PI/CPP_1693_PRESSURE_R/2020/06/18/CPP_1693_PRESSURE_R_20200618_233001.json,Succeeded
OSI/PI/CPP_1598_PRESSURE_R/2020/06/18/CPP_1598_PRESSURE_R_20200618_233001.json,Succeeded
OSI/PI/CPP_192_PRESSURE_R/2020/06/18/CPP_192_PRESSURE_R_20200618_233001.json,Succeeded
OSI/PI/CPP_0079_PRESSURE_R/2020/06/18/CPP_0079_PRESSURE_R_20200618_233001.json,Succeeded
OSI/PI/CPP_11_PRESSURE_R/2020/06/18/CPP_11_PRESSURE_R_20200618_233001.json,Succeeded
OSI/PI/CPP_2681_PRESSURE_R/2020/06/18/CPP_2681_PRESSURE_R_20200618_233001.json,Succeeded
OSI/PI/CPP_2092_PRESSURE_R/2020/06/18/CPP_2092_PRESSURE_R_20200618_233001.json,Succeeded
OSI/PI/CPP_3598_PRESSURE_R/2020/06/18/CPP_3598_PRESSURE_R_20200618_233001.json,Succeeded
OSI/PI/CPP_0082_PRESSURE_R/2020/06/18/CPP_0082_PRESSURE_R_20200618_233001.json,Succeeded
OSI/PI/CPP_20_PRESSURE_R/2020/06/18/CPP_20_PRESSURE_R_20200618_233001.json,Succeeded
OSI/PI/CPP_12_PRESSURE_R/2020/06/18/CPP_12_PRESSURE_R_20200618_233001.json,Succeeded
OSI/PI/CPP_15_PRESSURE_R/2020/06/18/CPP_15_PRESSURE_R_20200618_233001.json,Succeeded
OSI/PI/CPP_1093_PRESSURE_R/2020/06/18/CPP_1093_PRESSURE_R_20200618_233001.json,Succeeded
OSI/PI/CPP_16_PRESSURE_R/2020/06/18/CPP_16_PRESSURE_R_20200618_233001.json,Succeeded
OSI/PI/CPP_1498_PRESSURE_R/2020/06/18/CPP_1498_PRESSURE_R_20200618_233001.json,Succeeded
OSI/PI/CPP_196_PRESSURE_R/2020/06/18/CPP_196_PRESSURE_R_20200618_233001.json,Succeeded
OSI/PI/CPP_2693_PRESSURE_R/2020/06/18/CPP_2693_PRESSURE_R_20200618_233001.json,Succeeded
OSI/PI/CPP_197_PRESSURE_R/2020/06/18/CPP_197_PRESSURE_R_20200618_233001.json,Succeeded
OSI/PI/CPP_1591_PRESSURE_R/2020/06/18/CPP_1591_PRESSURE_R_20200618_233001.json,Succeeded
OSI/PI/CPP_1095_PRESSURE_R/2020/06/18/CPP_1095_PRESSURE_R_20200618_233001.json,Succeeded
OSI/PI/CPP_190_PRESSURE_R/2020/06/18/CPP_190_PRESSURE_R_20200618_233001.json,Succeeded
OSI/PI/CPP_1699_PRESSURE_R/2020/06/18/CPP_1699_PRESSURE_R_20200618_233001.json,Succeeded
OSI/PI/CPP_1392_PRESSURE_R/2020/06/18/CPP_1392_PRESSURE_R_20200618_233001.json,Succeeded
OSI/PI/CPP_2398_PRESSURE_R/2020/06/18/CPP_2398_PRESSURE_R_20200618_233001.json,Succeeded
OSI/PI/CPP_1391_PRESSURE_R/2020/06/18/CPP_1391_PRESSURE_R_20200618_233001.json,Succeeded
OSI/PI/CPP_0085_PRESSURE_R/2020/06/18/CPP_0085_PRESSURE_R_20200618_233001.json,Succeeded
OSI/PI/CPP_1388_PRESSURE_R/2020/06/18/CPP_1388_PRESSURE_R_20200618_233001.json,Succeeded
OSI/PI/CPP_0086_PRESSURE_R/2020/06/18/CPP_0086_PRESSURE_R_20200618_233001.json,Succeeded
OSI/PI/CPP_1497_PRESSURE_R/2020/06/18/CPP_1497_PRESSURE_R_20200618_233001.json,Succeeded
OSI/PI/CPP_1101_PRESSURE_R/2020/06/18/CPP_1101_PRESSURE_R_20200618_233001.json,Succeeded
OSI/PI/CPP_0081_PRESSURE_R/2020/06/18/CPP_0081_PRESSURE_R_20200618_233001.json,Succeeded
OSI/PI/CPP_2682_PRESSURE_R/2020/06/18/CPP_2682_PRESSURE_R_20200618_233001.json,Succeeded
OSI/PI/CPP_2299_PRESSURE_R/2020/06/18/CPP_2299_PRESSURE_R_20200618_233001.json,Succeeded
OSI/PI/CPP_1099_PRESSURE_R/2020/06/18/CPP_1099_PRESSURE_R_20200618_233001.json,Succeeded
OSI/PI/CPP_1799_PRESSURE_R/2020/06/18/CPP_1799_PRESSURE_R_20200618_233001.json,Succeeded
OSI/PI/CPP_0084_PRESSURE_R/2020/06/18/CPP_0084_PRESSURE_R_20200618_233001.json,Succeeded
OSI/PI/CPP_1393_PRESSURE_R/2020/06/18/CPP_1393_PRESSURE_R_20200618_233001.json,Succeeded
OSI/PI/CPP_0078_PRESSURE_R/2020/06/18/CPP_0078_PRESSURE_R_20200618_233001.json,Succeeded
OSI/PI/CPP_290_PRESSURE_R/2020/06/18/CPP_290_PRESSURE_R_20200618_233001.json,Succeeded
OSI/PI/CPP_8901_PRESSURE_R/2020/06/18/CPP_8901_PRESSURE_R_20200618_233001.json,Succeeded
OSI/PI/CPP_1389_PRESSURE_R/2020/06/18/CPP_1389_PRESSURE_R_20200618_233001.json,Succeeded
OSI/PI/CPP_1394_PRESSURE_R/2020/06/18/CPP_1394_PRESSURE_R_20200618_233001.json,Succeeded
OSI/PI/CPP_195_PRESSURE_R/2020/06/18/CPP_195_PRESSURE_R_20200618_233001.json,Succeeded
OSI/PI/CPP_0201_PRESSURE_R/2020/06/18/CPP_0201_PRESSURE_R_20200618_233001.json,Succeeded
OSI/PI/CPP_33_PRESSURE_R/2020/06/18/CPP_33_PRESSURE_R_20200618_233001.json,Succeeded
OSI/PI/CPP_2096_PRESSURE_R/2020/06/18/CPP_2096_PRESSURE_R_20200618_233001.json,Succeeded
OSI/PI/CPP_1797_PRESSURE_R/2020/06/18/CPP_1797_PRESSURE_R_20200618_233001.json,Succeeded
OSI/PI/CPP_1395_PRESSURE_R/2020/06/18/CPP_1395_PRESSURE_R_20200618_233001.json,Succeeded
OSI/PI/CPP_1798_PRESSURE_R/2020/06/18/CPP_1798_PRESSURE_R_20200618_233001.json,Succeeded
OSI/PI/CPP_1097_PRESSURE_R/2020/06/18/CPP_1097_PRESSURE_R_20200618_233001.json,Succeeded
OSI/PI/CPP_0080_PRESSURE_R/2020/06/18/CPP_0080_PRESSURE_R_20200618_233001.json,Succeeded
OSI/PI/CPP_22_PRESSURE_R/2020/06/18/CPP_22_PRESSURE_R_20200618_233001.json,Succeeded
OSI/PI/CPP_0288_PRESSURE_R/2020/06/18/CPP_0288_PRESSURE_R_20200618_233001.json,Succeeded
OSI/PI/CPP_332_PRESSURE_R/2020/06/18/CPP_332_PRESSURE_R_20200618_233001.json,Succeeded
OSI/PI/CPP_339_PRESSURE_R/2020/06/18/CPP_339_PRESSURE_R_20200618_233001.json,Succeeded
OSI/PI/CPP_0077_PRESSURE_R/2020/06/18/CPP_0077_PRESSURE_R_20200618_233001.json,Succeeded
OSI/PI/CPP_2093_PRESSURE_R/2020/06/18/CPP_2093_PRESSURE_R_20200618_233001.json,Succeeded
OSI/PI/CPP_2394_PRESSURE_R/2020/06/18/CPP_2394_PRESSURE_R_20200618_233001.json,Succeeded
OSI/PI/CPP_2995_PRESSURE_R/2020/06/18/CPP_2995_PRESSURE_R_20200618_233001.json,Succeeded
OSI/PI/CPP_297_PRESSURE_R/2020/06/18/CPP_297_PRESSURE_R_20200618_233001.json,Succeeded
OSI/PI/CPP_2387_PRESSURE_R/2020/06/18/CPP_2387_PRESSURE_R_20200618_233001.json,Succeeded
OSI/PI/CPP_193_PRESSURE_R/2020/06/18/CPP_193_PRESSURE_R_20200618_233001.json,Succeeded
OSI/PI/CPP_2053_PRESSURE_R/2020/06/18/CPP_2053_PRESSURE_R_20200618_233001.json,Succeeded
OSI/PI/CPP_1597_PRESSURE_R/2020/06/18/CPP_1597_PRESSURE_R_20200618_233001.json,Succeeded
OSI/PI/CPP_1390_PRESSURE_R/2020/06/18/CPP_1390_PRESSURE_R_20200618_233001.json,Succeeded
OSI/PI/CPP_2699_PRESSURE_R/2020/06/18/CPP_2699_PRESSURE_R_20200618_233001.json,Succeeded
OSI/PI/CPP_2388_PRESSURE_R/2020/06/18/CPP_2388_PRESSURE_R_20200618_233001.json,Succeeded
OSI/PI/CPP_5115_PRESSURE_R/2020/06/18/CPP_5115_PRESSURE_R_20200618_233001.json,Succeeded
OSI/PI/CPP_2886_PRESSURE_R/2020/06/18/CPP_2886_PRESSURE_R_20200618_233001.json,Succeeded
OSI/PI/CPP_2094_PRESSURE_R/2020/06/18/CPP_2094_PRESSURE_R_20200618_233001.json,Succeeded
OSI/PI/CPP_2799_PRESSURE_R/2020/06/18/CPP_2799_PRESSURE_R_20200618_233001.json,Succeeded
OSI/PI/CPP_3291_PRESSURE_R/2020/06/18/CPP_3291_PRESSURE_R_20200618_233001.json,Succeeded
OSI/PI/CPP_13_PRESSURE_R/2020/06/18/CPP_13_PRESSURE_R_20200618_233001.json,Succeeded
OSI/PI/CPP_2881_PRESSURE_R/2020/06/18/CPP_2881_PRESSURE_R_20200618_233001.json,Succeeded
OSI/PI/CPP_333_PRESSURE_R/2020/06/18/CPP_333_PRESSURE_R_20200618_233001.json,Succeeded
OSI/PI/CPP_2599_PRESSURE_R/2020/06/18/CPP_2599_PRESSURE_R_20200618_233001.json,Succeeded
OSI/PI/CPP_2887_PRESSURE_R/2020/06/18/CPP_2887_PRESSURE_R_20200618_233001.json,Succeeded
OSI/PI/CPP_303_PRESSURE_R/2020/06/18/CPP_303_PRESSURE_R_20200618_233001.json,Succeeded
OSI/PI/CPP_2392_PRESSURE_R/2020/06/18/CPP_2392_PRESSURE_R_20200618_233001.json,Succeeded
OSI/PI/CPP_1492_PRESSURE_R/2020/06/18/CPP_1492_PRESSURE_R_20200618_233001.json,Succeeded
OSI/PI/CPP_2391_PRESSURE_R/2020/06/18/CPP_2391_PRESSURE_R_20200618_233001.json,Succeeded
OSI/PI/CPP_2396_PRESSURE_R/2020/06/18/CPP_2396_PRESSURE_R_20200618_233001.json,Succeeded
OSI/PI/CPP_2591_PRESSURE_R/2020/06/18/CPP_2591_PRESSURE_R_20200618_233001.json,Succeeded
OSI/PI/CPP_3303_PRESSURE_R/2020/06/18/CPP_3303_PRESSURE_R_20200618_233001.json,Succeeded
OSI/PI/CPP_1499_PRESSURE_R/2020/06/18/CPP_1499_PRESSURE_R_20200618_233001.json,Succeeded
OSI/PI/CPP_1397_PRESSURE_R/2020/06/18/CPP_1397_PRESSURE_R_20200618_233001.json,Succeeded
OSI/PI/CPP_191_PRESSURE_R/2020/06/18/CPP_191_PRESSURE_R_20200618_233001.json,Succeeded
OSI/PI/CPP_1599_PRESSURE_R/2020/06/18/CPP_1599_PRESSURE_R_20200618_233001.json,Succeeded
OSI/PI/CPP_30_PRESSURE_R/2020/06/18/CPP_30_PRESSURE_R_20200618_233001.json,Succeeded
OSI/PI/CPP_2399_PRESSURE_R/2020/06/18/CPP_2399_PRESSURE_R_20200618_233001.json,Succeeded
OSI/PI/CPP_1593_PRESSURE_R/2020/06/18/CPP_1593_PRESSURE_R_20200618_233001.json,Succeeded
OSI/PI/CPP_298_PRESSURE_R/2020/06/18/CPP_298_PRESSURE_R_20200618_233001.json,Succeeded
OSI/PI/CPP_2999_PRESSURE_R/2020/06/18/CPP_2999_PRESSURE_R_20200618_233001.json,Succeeded
OSI/PI/CPP_1899_PRESSURE_R/2020/06/18/CPP_1899_PRESSURE_R_20200618_233001.json,Succeeded
OSI/PI/CPP_3093_PRESSURE_R/2020/06/18/CPP_3093_PRESSURE_R_20200618_233001.json,Succeeded
OSI/PI/CPP_1698_PRESSURE_R/2020/06/18/CPP_1698_PRESSURE_R_20200618_233001.json,Succeeded
OSI/PI/CPP_2690_PRESSURE_R/2020/06/18/CPP_2690_PRESSURE_R_20200618_233001.json,Succeeded
OSI/PI/CPP_198_PRESSURE_R/2020/06/18/CPP_198_PRESSURE_R_20200618_233001.json,Succeeded
OSI/PI/CPP_2998_PRESSURE_R/2020/06/18/CPP_2998_PRESSURE_R_20200618_233001.json,Succeeded
OSI/PI/CPP_1592_PRESSURE_R/2020/06/18/CPP_1592_PRESSURE_R_20200618_233001.json,Succeeded
OSI/PI/CPP_19_PRESSURE_R/2020/06/18/CPP_19_PRESSURE_R_20200618_233001.json,Succeeded
OSI/PI/CPP_321_PRESSURE_R/2020/06/18/CPP_321_PRESSURE_R_20200618_233001.json,Succeeded
OSI/PI/CPP_1779_PRESSURE_R/2020/06/18/CPP_1779_PRESSURE_R_20200618_233001.json,Succeeded
OSI/PI/CPP_5129_PRESSURE_R/2020/06/18/CPP_5129_PRESSURE_R_20200618_233001.json,Succeeded
OSI/PI/CPP_327_PRESSURE_R/2020/06/18/CPP_327_PRESSURE_R_20200618_233001.json,Succeeded
OSI/PI/CPP_1998_PRESSURE_R/2020/06/18/CPP_1998_PRESSURE_R_20200618_233001.json,Succeeded
OSI/PI/CPP_1596_PRESSURE_R/2020/06/18/CPP_1596_PRESSURE_R_20200618_233001.json,Succeeded
OSI/PI/CPP_27_PRESSURE_R/2020/06/18/CPP_27_PRESSURE_R_20200618_233001.json,Succeeded
OSI/PI/CPP_1199_PRESSURE_R/2020/06/18/CPP_1199_PRESSURE_R_20200618_233001.json,Succeeded
OSI/PI/CPP_0348_PRESSURE_R/2020/06/18/CPP_0348_PRESSURE_R_20200618_233001.json,Succeeded
OSI/PI/CPP_2408_PRESSURE_R/2020/06/18/CPP_2408_PRESSURE_R_20200618_233001.json,Succeeded
OSI/PI/CPP_2390_PRESSURE_R/2020/06/18/CPP_2390_PRESSURE_R_20200618_233001.json,Succeeded
OSI/PI/CPP_5114_PRESSURE_R/2020/06/18/CPP_5114_PRESSURE_R_20200618_233001.json,Succeeded
OSI/PI/CPP_3393_PRESSURE_R/2020/06/18/CPP_3393_PRESSURE_R_20200618_233001.json,Succeeded
OSI/PI/CPP_1098_PRESSURE_R/2020/06/18/CPP_1098_PRESSURE_R_20200618_233001.json,Succeeded
OSI/PI/CPP_2494_PRESSURE_R/2020/06/18/CPP_2494_PRESSURE_R_20200618_233001.json,Succeeded
OSI/PI/CPP_3095_PRESSURE_R/2020/06/18/CPP_3095_PRESSURE_R_20200618_233001.json,Succeeded
OSI/PI/CPP_3200_PRESSURE_R/2020/06/18/CPP_3200_PRESSURE_R_20200618_233001.json,Succeeded
OSI/PI/CPP_2992_PRESSURE_R/2020/06/18/CPP_2992_PRESSURE_R_20200618_233001.json,Succeeded
OSI/PI/CPP_3589_PRESSURE_R/2020/06/18/CPP_3589_PRESSURE_R_20200618_233001.json,Succeeded
OSI/PI/CPP_2199_PRESSURE_R/2020/06/18/CPP_2199_PRESSURE_R_20200618_233001.json,Succeeded
OSI/PI/CPP_2495_PRESSURE_R/2020/06/18/CPP_2495_PRESSURE_R_20200618_233001.json,Succeeded
OSI/PI/CPP_293_PRESSURE_R/2020/06/18/CPP_293_PRESSURE_R_20200618_233001.json,Succeeded
OSI/PI/CPP_1691_PRESSURE_R/2020/06/18/CPP_1691_PRESSURE_R_20200618_233001.json,Succeeded
OSI/PI/CPP_2803_PRESSURE_R/2020/06/18/CPP_2803_PRESSURE_R_20200618_233001.json,Succeeded
OSI/PI/CPP_25_PRESSURE_R/2020/06/18/CPP_25_PRESSURE_R_20200618_233001.json,Succeeded
OSI/PI/CPP_61_PRESSURE_R/2020/06/18/CPP_61_PRESSURE_R_20200618_233001.json,Succeeded
OSI/PI/CPP_5109_PRESSURE_R/2020/06/18/CPP_5109_PRESSURE_R_20200618_233001.json,Succeeded
OSI/PI/CPP_2099_PRESSURE_R/2020/06/18/CPP_2099_PRESSURE_R_20200618_233001.json,Succeeded
OSI/PI/CPP_3304_PRESSURE_R/2020/06/18/CPP_3304_PRESSURE_R_20200618_233001.json,Succeeded
OSI/PI/CPP_35_PRESSURE_R/2020/06/18/CPP_35_PRESSURE_R_20200618_233001.json,Succeeded
OSI/PI/CPP_1795_PRESSURE_R/2020/06/18/CPP_1795_PRESSURE_R_20200618_233001.json,Succeeded
OSI/PI/CPP_2896_PRESSURE_R/2020/06/18/CPP_2896_PRESSURE_R_20200618_233001.json,Succeeded
OSI/PI/CPP_4191_PRESSURE_R/2020/06/18/CPP_4191_PRESSURE_R_20200618_233001.json,Succeeded
OSI/PI/CPP_326_PRESSURE_R/2020/06/18/CPP_326_PRESSURE_R_20200618_233001.json,Succeeded
OSI/PI/CPP_29_PRESSURE_R/2020/06/18/CPP_29_PRESSURE_R_20200618_233001.json,Succeeded
OSI/PI/CPP_34_PRESSURE_R/2020/06/18/CPP_34_PRESSURE_R_20200618_233001.json,Succeeded
OSI/PI/CPP_301_PRESSURE_R/2020/06/18/CPP_301_PRESSURE_R_20200618_233001.json,Succeeded
OSI/PI/CPP_2095_PRESSURE_R/2020/06/18/CPP_2095_PRESSURE_R_20200618_233001.json,Succeeded
OSI/PI/CPP_2499_PRESSURE_R/2020/06/18/CPP_2499_PRESSURE_R_20200618_233001.json,Succeeded
OSI/PI/CPP_2397_PRESSURE_R/2020/06/18/CPP_2397_PRESSURE_R_20200618_233001.json,Succeeded
OSI/PI/CPP_28_PRESSURE_R/2020/06/18/CPP_28_PRESSURE_R_20200618_233001.json,Succeeded
OSI/PI/CPP_4194_PRESSURE_R/2020/06/18/CPP_4194_PRESSURE_R_20200618_233001.json,Succeeded
OSI/PI/CPP_2091_PRESSURE_R/2020/06/18/CPP_2091_PRESSURE_R_20200618_233001.json,Succeeded
OSI/PI/CPP_1399_PRESSURE_R/2020/06/18/CPP_1399_PRESSURE_R_20200618_233001.json,Succeeded
OSI/PI/CPP_2692_PRESSURE_R/2020/06/18/CPP_2692_PRESSURE_R_20200618_233001.json,Succeeded
OSI/PI/CPP_4197_PRESSURE_R/2020/06/18/CPP_4197_PRESSURE_R_20200618_233001.json,Succeeded
OSI/PI/CPP_391_PRESSURE_R/2020/06/18/CPP_391_PRESSURE_R_20200618_233001.json,Succeeded
OSI/PI/CPP_2696_PRESSURE_R/2020/06/18/CPP_2696_PRESSURE_R_20200618_233001.json,Succeeded
OSI/PI/CPP_1692_PRESSURE_R/2020/06/18/CPP_1692_PRESSURE_R_20200618_233001.json,Succeeded
OSI/PI/CPP_3099_PRESSURE_R/2020/06/18/CPP_3099_PRESSURE_R_20200618_233001.json,Succeeded
OSI/PI/CPP_3392_PRESSURE_R/2020/06/18/CPP_3392_PRESSURE_R_20200618_233001.json,Succeeded
OSI/PI/CPP_2407_PRESSURE_R/2020/06/18/CPP_2407_PRESSURE_R_20200618_233001.json,Succeeded
OSI/PI/CPP_314_PRESSURE_R/2020/06/18/CPP_314_PRESSURE_R_20200618_233001.json,Succeeded
OSI/PI/CPP_18_PRESSURE_R/2020/06/18/CPP_18_PRESSURE_R_20200618_233001.json,Succeeded
OSI/PI/CPP_2996_PRESSURE_R/2020/06/18/CPP_2996_PRESSURE_R_20200618_233001.json,Succeeded
OSI/PI/CPP_199_PRESSURE_R/2020/06/18/CPP_199_PRESSURE_R_20200618_233001.json,Succeeded
OSI/PI/CPP_304_PRESSURE_R/2020/06/18/CPP_304_PRESSURE_R_20200618_233001.json,Succeeded
OSI/PI/CPP_291_PRESSURE_R/2020/06/18/CPP_291_PRESSURE_R_20200618_233001.json,Succeeded
OSI/PI/CPP_23_PRESSURE_R/2020/06/18/CPP_23_PRESSURE_R_20200618_233001.json,Succeeded
OSI/PI/CPP_337_PRESSURE_R/2020/06/18/CPP_337_PRESSURE_R_20200618_233001.json,Succeeded
OSI/PI/CPP_1895_PRESSURE_R/2020/06/18/CPP_1895_PRESSURE_R_20200618_233001.json,Succeeded
OSI/PI/CPP_5798_PRESSURE_R/2020/06/18/CPP_5798_PRESSURE_R_20200618_233001.json,Succeeded
OSI/PI/CPP_335_PRESSURE_R/2020/06/18/CPP_335_PRESSURE_R_20200618_233001.json,Succeeded
OSI/PI/CPP_32_PRESSURE_R/2020/06/18/CPP_32_PRESSURE_R_20200618_233001.json,Succeeded
OSI/PI/CPP_1898_PRESSURE_R/2020/06/18/CPP_1898_PRESSURE_R_20200618_233001.json,Succeeded
OSI/PI/CPP_2893_PRESSURE_R/2020/06/18/CPP_2893_PRESSURE_R_20200618_233001.json,Succeeded
OSI/PI/CPP_1697_PRESSURE_R/2020/06/18/CPP_1697_PRESSURE_R_20200618_233001.json,Succeeded
OSI/PI/CPP_1495_PRESSURE_R/2020/06/18/CPP_1495_PRESSURE_R_20200618_233001.json,Succeeded
OSI/PI/CPP_299_PRESSURE_R/2020/06/18/CPP_299_PRESSURE_R_20200618_233001.json,Succeeded
OSI/PI/CPP_295_PRESSURE_R/2020/06/18/CPP_295_PRESSURE_R_20200618_233001.json,Succeeded
OSI/PI/CPP_5119_PRESSURE_R/2020/06/18/CPP_5119_PRESSURE_R_20200618_233001.json,Succeeded
OSI/PI/CPP_343_PRESSURE_R/2020/06/18/CPP_343_PRESSURE_R_20200618_233001.json,Succeeded
OSI/PI/CPP_1398_PRESSURE_R/2020/06/18/CPP_1398_PRESSURE_R_20200618_233001.json,Succeeded
OSI/PI/CPP_3192_PRESSURE_R/2020/06/18/CPP_3192_PRESSURE_R_20200618_233001.json,Succeeded
OSI/PI/CPP_5116_PRESSURE_R/2020/06/18/CPP_5116_PRESSURE_R_20200618_233001.json,Succeeded
OSI/PI/CPP_324_PRESSURE_R/2020/06/18/CPP_324_PRESSURE_R_20200618_233001.json,Succeeded
OSI/PI/CPP_3094_PRESSURE_R/2020/06/18/CPP_3094_PRESSURE_R_20200618_233001.json,Succeeded
OSI/PI/CPP_3719_PRESSURE_R/2020/06/18/CPP_3719_PRESSURE_R_20200618_233001.json,Succeeded
OSI/PI/CPP_3292_PRESSURE_R/2020/06/18/CPP_3292_PRESSURE_R_20200618_233001.json,Succeeded
OSI/PI/CPP_302_PRESSURE_R/2020/06/18/CPP_302_PRESSURE_R_20200618_233001.json,Succeeded
OSI/PI/CPP_3792_PRESSURE_R/2020/06/18/CPP_3792_PRESSURE_R_20200618_233001.json,Succeeded
OSI/PI/CPP_2389_PRESSURE_R/2020/06/18/CPP_2389_PRESSURE_R_20200618_233001.json,Succeeded
OSI/PI/CPP_3198_PRESSURE_R/2020/06/18/CPP_3198_PRESSURE_R_20200618_233001.json,Succeeded
OSI/PI/CPP_3091_PRESSURE_R/2020/06/18/CPP_3091_PRESSURE_R_20200618_233001.json,Succeeded
OSI/PI/CPP_5296_PRESSURE_R/2020/06/18/CPP_5296_PRESSURE_R_20200618_233001.json,Succeeded
OSI/PI/CPP_2291_PRESSURE_R/2020/06/18/CPP_2291_PRESSURE_R_20200618_233001.json,Succeeded
OSI/PI/CPP_3391_PRESSURE_R/2020/06/18/CPP_3391_PRESSURE_R_20200618_233001.json,Succeeded
OSI/PI/CPP_3991_PRESSURE_R/2020/06/18/CPP_3991_PRESSURE_R_20200618_233001.json,Succeeded
OSI/PI/CPP_2191_PRESSURE_R/2020/06/18/CPP_2191_PRESSURE_R_20200618_233001.json,Succeeded
OSI/PI/CPP_2991_PRESSURE_R/2020/06/18/CPP_2991_PRESSURE_R_20200618_233001.json,Succeeded
OSI/PI/CPP_5128_PRESSURE_R/2020/06/18/CPP_5128_PRESSURE_R_20200618_233001.json,Succeeded
OSI/PI/CPP_5395_PRESSURE_R/2020/06/18/CPP_5395_PRESSURE_R_20200618_233001.json,Succeeded
OSI/PI/CPP_31_PRESSURE_R/2020/06/18/CPP_31_PRESSURE_R_20200618_233001.json,Succeeded
OSI/PI/CPP_5101_PRESSURE_R/2020/06/18/CPP_5101_PRESSURE_R_20200618_233001.json,Succeeded
OSI/PI/CPP_315_PRESSURE_R/2020/06/18/CPP_315_PRESSURE_R_20200618_233001.json,Succeeded
OSI/PI/CPP_2195_PRESSURE_R/2020/06/18/CPP_2195_PRESSURE_R_20200618_233001.json,Succeeded
OSI/PI/CPP_26_PRESSURE_R/2020/06/18/CPP_26_PRESSURE_R_20200618_233001.json,Succeeded
OSI/PI/CPP_296_PRESSURE_R/2020/06/18/CPP_296_PRESSURE_R_20200618_233001.json,Succeeded
OSI/PI/CPP_2885_PRESSURE_R/2020/06/18/CPP_2885_PRESSURE_R_20200618_233001.json,Succeeded
OSI/PI/CPP_5138_PRESSURE_R/2020/06/18/CPP_5138_PRESSURE_R_20200618_233001.json,Succeeded
OSI/PI/CPP_24_PRESSURE_R/2020/06/18/CPP_24_PRESSURE_R_20200618_233001.json,Succeeded
OSI/PI/CPP_14_PRESSURE_R/2020/06/18/CPP_14_PRESSURE_R_20200618_233001.json,Succeeded
OSI/PI/CPP_5112_PRESSURE_R/2020/06/18/CPP_5112_PRESSURE_R_20200618_233001.json,Succeeded
OSI/PI/CPP_5198_PRESSURE_R/2020/06/18/CPP_5198_PRESSURE_R_20200618_233001.json,Succeeded
OSI/PI/CPP_4192_PRESSURE_R/2020/06/18/CPP_4192_PRESSURE_R_20200618_233001.json,Succeeded
OSI/PI/CPP_2697_PRESSURE_R/2020/06/18/CPP_2697_PRESSURE_R_20200618_233001.json,Succeeded
OSI/PI/CPP_194_PRESSURE_R/2020/06/18/CPP_194_PRESSURE_R_20200618_233001.json,Succeeded
OSI/PI/CPP_4196_PRESSURE_R/2020/06/18/CPP_4196_PRESSURE_R_20200618_233001.json,Succeeded
OSI/PI/CPP_3796_PRESSURE_R/2020/06/18/CPP_3796_PRESSURE_R_20200618_233001.json,Succeeded
OSI/PI/CPP_2894_PRESSURE_R/2020/06/18/CPP_2894_PRESSURE_R_20200618_233001.json,Succeeded
OSI/PI/CPP_4304_PRESSURE_R/2020/06/18/CPP_4304_PRESSURE_R_20200618_233001.json,Succeeded
OSI/PI/CPP_289_PRESSURE_R/2020/06/18/CPP_289_PRESSURE_R_20200618_233001.json,Succeeded
OSI/PI/CPP_5113_PRESSURE_R/2020/06/18/CPP_5113_PRESSURE_R_20200618_233001.json,Succeeded
OSI/PI/CPP_21_PRESSURE_R/2020/06/18/CPP_21_PRESSURE_R_20200618_233001.json,Succeeded
OSI/PI/CPP_501_PRESSURE_R/2020/06/18/CPP_501_PRESSURE_R_20200618_233001.json,Succeeded
OSI/PI/CPP_320_PRESSURE_R/2020/06/18/CPP_320_PRESSURE_R_20200618_233001.json,Succeeded
OSI/PI/CPP_328_PRESSURE_R/2020/06/18/CPP_328_PRESSURE_R_20200618_233001.json,Succeeded
OSI/PI/CPP_6297_PRESSURE_R/2020/06/18/CPP_6297_PRESSURE_R_20200618_233001.json,Succeeded
OSI/PI/CPP_8203_PRESSURE_R/2020/06/18/CPP_8203_PRESSURE_R_20200618_233001.json,Succeeded
OSI/PI/CPP_6892_PRESSURE_R/2020/06/18/CPP_6892_PRESSURE_R_20200618_233001.json,Succeeded
OSI/PI/CPP_3596_PRESSURE_R/2020/06/18/CPP_3596_PRESSURE_R_20200618_233001.json,Succeeded
OSI/PI/CPP_4189_PRESSURE_R/2020/06/18/CPP_4189_PRESSURE_R_20200618_233001.json,Succeeded
OSI/PI/CPP_330_PRESSURE_R/2020/06/18/CPP_330_PRESSURE_R_20200618_233001.json,Succeeded
OSI/PI/CPP_294_PRESSURE_R/2020/06/18/CPP_294_PRESSURE_R_20200618_233001.json,Succeeded
OSI/PI/CPP_2196_PRESSURE_R/2020/06/18/CPP_2196_PRESSURE_R_20200618_233001.json,Succeeded
OSI/PI/CPP_305_PRESSURE_R/2020/06/18/CPP_305_PRESSURE_R_20200618_233001.json,Succeeded
OSI/PI/CPP_306_PRESSURE_R/2020/06/18/CPP_306_PRESSURE_R_20200618_233001.json,Succeeded
OSI/PI/CPP_2997_PRESSURE_R/2020/06/18/CPP_2997_PRESSURE_R_20200618_233001.json,Succeeded
OSI/PI/CPP_55_PRESSURE_R/2020/06/18/CPP_55_PRESSURE_R_20200618_233001.json,Succeeded
OSI/PI/CPP_347_PRESSURE_R/2020/06/18/CPP_347_PRESSURE_R_20200618_233001.json,Succeeded
OSI/PI/CPP_1695_PRESSURE_R/2020/06/18/CPP_1695_PRESSURE_R_20200618_233001.json,Succeeded
OSI/PI/CPP_5104_PRESSURE_R/2020/06/18/CPP_5104_PRESSURE_R_20200618_233001.json,Succeeded
OSI/PI/CPP_5399_PRESSURE_R/2020/06/18/CPP_5399_PRESSURE_R_20200618_233001.json,Succeeded
OSI/PI/CPP_3499_PRESSURE_R/2020/06/18/CPP_3499_PRESSURE_R_20200618_233001.json,Succeeded
OSI/PI/CPP_3399_PRESSURE_R/2020/06/18/CPP_3399_PRESSURE_R_20200618_233001.json,Succeeded
OSI/PI/CPP_3794_PRESSURE_R/2020/06/18/CPP_3794_PRESSURE_R_20200618_233001.json,Succeeded
OSI/PI/CPP_36_PRESSURE_R/2020/06/18/CPP_36_PRESSURE_R_20200618_233001.json,Succeeded
OSI/PI/CPP_3191_PRESSURE_R/2020/06/18/CPP_3191_PRESSURE_R_20200618_233001.json,Succeeded
OSI/PI/CPP_6410_PRESSURE_R/2020/06/18/CPP_6410_PRESSURE_R_20200618_233001.json,Succeeded
OSI/PI/CPP_2508_PRESSURE_R/2020/06/18/CPP_2508_PRESSURE_R_20200618_233001.json,Succeeded
OSI/PI/CPP_351_PRESSURE_R/2020/06/18/CPP_351_PRESSURE_R_20200618_233001.json,Succeeded
OSI/PI/CPP_312_PRESSURE_R/2020/06/18/CPP_312_PRESSURE_R_20200618_233001.json,Succeeded
OSI/PI/CPP_5804_PRESSURE_R/2020/06/18/CPP_5804_PRESSURE_R_20200618_233001.json,Succeeded
OSI/PI/CPP_2705_PRESSURE_R/2020/06/18/CPP_2705_PRESSURE_R_20200618_233001.json,Succeeded
OSI/PI/CPP_3691_PRESSURE_R/2020/06/18/CPP_3691_PRESSURE_R_20200618_233001.json,Succeeded
OSI/PI/CPP_5118_PRESSURE_R/2020/06/18/CPP_5118_PRESSURE_R_20200618_233001.json,Succeeded
OSI/PI/CPP_2686_PRESSURE_R/2020/06/18/CPP_2686_PRESSURE_R_20200618_233001.json,Succeeded
OSI/PI/CPP_309_PRESSURE_R/2020/06/18/CPP_309_PRESSURE_R_20200618_233001.json,Succeeded
OSI/PI/CPP_5799_PRESSURE_R/2020/06/18/CPP_5799_PRESSURE_R_20200618_233001.json,Succeeded
OSI/PI/CPP_57_PRESSURE_R/2020/06/18/CPP_57_PRESSURE_R_20200618_233001.json,Succeeded
OSI/PI/CPP_392_PRESSURE_R/2020/06/18/CPP_392_PRESSURE_R_20200618_233001.json,Succeeded
OSI/PI/CPP_5120_PRESSURE_R/2020/06/18/CPP_5120_PRESSURE_R_20200618_233001.json,Succeeded
OSI/PI/CPP_322_PRESSURE_R/2020/06/18/CPP_322_PRESSURE_R_20200618_233001.json,Succeeded
OSI/PI/CPP_2695_PRESSURE_R/2020/06/18/CPP_2695_PRESSURE_R_20200618_233001.json,Succeeded
OSI/PI/CPP_2891_PRESSURE_R/2020/06/18/CPP_2891_PRESSURE_R_20200618_233001.json,Succeeded
OSI/PI/CPP_2993_PRESSURE_R/2020/06/18/CPP_2993_PRESSURE_R_20200618_233001.json,Succeeded
OSI/PI/CPP_2892_PRESSURE_R/2020/06/18/CPP_2892_PRESSURE_R_20200618_233001.json,Succeeded
OSI/PI/CPP_597_PRESSURE_R/2020/06/18/CPP_597_PRESSURE_R_20200618_233001.json,Succeeded
OSI/PI/CPP_2691_PRESSURE_R/2020/06/18/CPP_2691_PRESSURE_R_20200618_233001.json,Succeeded
OSI/PI/CPP_17_PRESSURE_R/2020/06/18/CPP_17_PRESSURE_R_20200618_233001.json,Succeeded
OSI/PI/CPP_5794_PRESSURE_R/2020/06/18/CPP_5794_PRESSURE_R_20200618_233001.json,Succeeded
OSI/PI/CPP_5398_PRESSURE_R/2020/06/18/CPP_5398_PRESSURE_R_20200618_233001.json,Succeeded
OSI/PI/CPP_7099_PRESSURE_R/2020/06/18/CPP_7099_PRESSURE_R_20200618_233001.json,Succeeded
OSI/PI/CPP_331_PRESSURE_R/2020/06/18/CPP_331_PRESSURE_R_20200618_233001.json,Succeeded
OSI/PI/CPP_2685_PRESSURE_R/2020/06/18/CPP_2685_PRESSURE_R_20200618_233001.json,Succeeded
OSI/PI/CPP_599_PRESSURE_R/2020/06/18/CPP_599_PRESSURE_R_20200618_233001.json,Succeeded
OSI/PI/CPP_4151_PRESSURE_R/2020/06/18/CPP_4151_PRESSURE_R_20200618_233001.json,Succeeded
OSI/PI/CPP_3898_PRESSURE_R/2020/06/18/CPP_3898_PRESSURE_R_20200618_233001.json,Succeeded
OSI/PI/CPP_5853_PRESSURE_R/2020/06/18/CPP_5853_PRESSURE_R_20200618_233001.json,Succeeded
OSI/PI/CPP_2898_PRESSURE_R/2020/06/18/CPP_2898_PRESSURE_R_20200618_233001.json,Succeeded
OSI/PI/CPP_5494_PRESSURE_R/2020/06/18/CPP_5494_PRESSURE_R_20200618_233001.json,Succeeded
OSI/PI/CPP_2694_PRESSURE_R/2020/06/18/CPP_2694_PRESSURE_R_20200618_233001.json,Succeeded
OSI/PI/CPP_51_PRESSURE_R/2020/06/18/CPP_51_PRESSURE_R_20200618_233001.json,Succeeded
OSI/PI/CPP_5795_PRESSURE_R/2020/06/18/CPP_5795_PRESSURE_R_20200618_233001.json,Succeeded
OSI/PI/CPP_334_PRESSURE_R/2020/06/18/CPP_334_PRESSURE_R_20200618_233001.json,Succeeded
OSI/PI/CPP_6891_PRESSURE_R/2020/06/18/CPP_6891_PRESSURE_R_20200618_233001.json,Succeeded
OSI/PI/CPP_5103_PRESSURE_R/2020/06/18/CPP_5103_PRESSURE_R_20200618_233001.json,Succeeded
OSI/PI/CPP_6390_PRESSURE_R/2020/06/18/CPP_6390_PRESSURE_R_20200618_233001.json,Succeeded
OSI/PI/CPP_3595_PRESSURE_R/2020/06/18/CPP_3595_PRESSURE_R_20200618_233001.json,Succeeded
OSI/PI/CPP_5693_PRESSURE_R/2020/06/18/CPP_5693_PRESSURE_R_20200618_233001.json,Succeeded
OSI/PI/CPP_2899_PRESSURE_R/2020/06/18/CPP_2899_PRESSURE_R_20200618_233001.json,Succeeded
OSI/PI/CPP_5125_PRESSURE_R/2020/06/18/CPP_5125_PRESSURE_R_20200618_233001.json,Succeeded
OSI/PI/CPP_3199_PRESSURE_R/2020/06/18/CPP_3199_PRESSURE_R_20200618_233001.json,Succeeded
OSI/PI/CPP_5091_PRESSURE_R/2020/06/18/CPP_5091_PRESSURE_R_20200618_233001.json,Succeeded
OSI/PI/CPP_6154_PRESSURE_R/2020/06/18/CPP_6154_PRESSURE_R_20200618_233001.json,Succeeded
OSI/PI/CPP_5797_PRESSURE_R/2020/06/18/CPP_5797_PRESSURE_R_20200618_233001.json,Succeeded
OSI/PI/CPP_1791_PRESSURE_R/2020/06/18/CPP_1791_PRESSURE_R_20200618_233001.json,Succeeded
OSI/PI/CPP_5126_PRESSURE_R/2020/06/18/CPP_5126_PRESSURE_R_20200618_233001.json,Succeeded
OSI/PI/CPP_691_PRESSURE_R/2020/06/18/CPP_691_PRESSURE_R_20200618_233001.json,Succeeded
OSI/PI/CPP_4508_PRESSURE_R/2020/06/18/CPP_4508_PRESSURE_R_20200618_233001.json,Succeeded
OSI/PI/CPP_3899_PRESSURE_R/2020/06/18/CPP_3899_PRESSURE_R_20200618_233001.json,Succeeded
OSI/PI/CPP_3799_PRESSURE_R/2020/06/18/CPP_3799_PRESSURE_R_20200618_233001.json,Succeeded
OSI/PI/CPP_4195_PRESSURE_R/2020/06/18/CPP_4195_PRESSURE_R_20200618_233001.json,Succeeded
OSI/PI/CPP_40_PRESSURE_R/2020/06/18/CPP_40_PRESSURE_R_20200618_233001.json,Succeeded
OSI/PI/CPP_999_PRESSURE_R/2020/06/18/CPP_999_PRESSURE_R_20200618_233001.json,Succeeded
OSI/PI/CPP_292_PRESSURE_R/2020/06/18/CPP_292_PRESSURE_R_20200618_233001.json,Succeeded
OSI/PI/CPP_5493_PRESSURE_R/2020/06/18/CPP_5493_PRESSURE_R_20200618_233001.json,Succeeded
OSI/PI/CPP_3718_PRESSURE_R/2020/06/18/CPP_3718_PRESSURE_R_20200618_233001.json,Succeeded
OSI/PI/CPP_7080_PRESSURE_R/2020/06/18/CPP_7080_PRESSURE_R_20200618_233001.json,Succeeded
OSI/PI/CPP_2883_PRESSURE_R/2020/06/18/CPP_2883_PRESSURE_R_20200618_233001.json,Succeeded
OSI/PI/CPP_3795_PRESSURE_R/2020/06/18/CPP_3795_PRESSURE_R_20200618_233001.json,Succeeded
OSI/PI/CPP_5599_PRESSURE_R/2020/06/18/CPP_5599_PRESSURE_R_20200618_233001.json,Succeeded
OSI/PI/CPP_3092_PRESSURE_R/2020/06/18/CPP_3092_PRESSURE_R_20200618_233001.json,Succeeded
OSI/PI/CPP_3594_PRESSURE_R/2020/06/18/CPP_3594_PRESSURE_R_20200618_233001.json,Succeeded
OSI/PI/CPP_6893_PRESSURE_R/2020/06/18/CPP_6893_PRESSURE_R_20200618_233001.json,Succeeded
OSI/PI/CPP_7105_PRESSURE_R/2020/06/18/CPP_7105_PRESSURE_R_20200618_233001.json,Succeeded
OSI/PI/CPP_4150_PRESSURE_R/2020/06/18/CPP_4150_PRESSURE_R_20200618_233001.json,Succeeded
OSI/PI/CPP_5226_PRESSURE_R/2020/06/18/CPP_5226_PRESSURE_R_20200618_233001.json,Succeeded
OSI/PI/CPP_3693_PRESSURE_R/2020/06/18/CPP_3693_PRESSURE_R_20200618_233001.json,Succeeded
OSI/PI/CPP_2698_PRESSURE_R/2020/06/18/CPP_2698_PRESSURE_R_20200618_233001.json,Succeeded
OSI/PI/CPP_3593_PRESSURE_R/2020/06/18/CPP_3593_PRESSURE_R_20200618_233001.json,Succeeded
OSI/PI/CPP_307_PRESSURE_R/2020/06/18/CPP_307_PRESSURE_R_20200618_233001.json,Succeeded
OSI/PI/CPP_353_PRESSURE_R/2020/06/18/CPP_353_PRESSURE_R_20200618_233001.json,Succeeded
OSI/PI/CPP_667_PRESSURE_R/2020/06/18/CPP_667_PRESSURE_R_20200618_233001.json,Succeeded
OSI/PI/CPP_2884_PRESSURE_R/2020/06/18/CPP_2884_PRESSURE_R_20200618_233001.json,Succeeded
OSI/PI/CPP_2897_PRESSURE_R/2020/06/18/CPP_2897_PRESSURE_R_20200618_233001.json,Succeeded
OSI/PI/CPP_6091_PRESSURE_R/2020/06/18/CPP_6091_PRESSURE_R_20200618_233001.json,Succeeded
OSI/PI/CPP_5992_PRESSURE_R/2020/06/18/CPP_5992_PRESSURE_R_20200618_233001.json,Succeeded
OSI/PI/CPP_8160_PRESSURE_R/2020/06/18/CPP_8160_PRESSURE_R_20200618_233001.json,Succeeded
OSI/PI/CPP_345_PRESSURE_R/2020/06/18/CPP_345_PRESSURE_R_20200618_233001.json,Succeeded
OSI/PI/CPP_338_PRESSURE_R/2020/06/18/CPP_338_PRESSURE_R_20200618_233001.json,Succeeded
OSI/PI/CPP_7088_PRESSURE_R/2020/06/18/CPP_7088_PRESSURE_R_20200618_233001.json,Succeeded
OSI/PI/CPP_5107_PRESSURE_R/2020/06/18/CPP_5107_PRESSURE_R_20200618_233001.json,Succeeded
OSI/PI/CPP_493_PRESSURE_R/2020/06/18/CPP_493_PRESSURE_R_20200618_233001.json,Succeeded
OSI/PI/CPP_660_PRESSURE_R/2020/06/18/CPP_660_PRESSURE_R_20200618_233001.json,Succeeded
OSI/PI/CPP_340_PRESSURE_R/2020/06/18/CPP_340_PRESSURE_R_20200618_233001.json,Succeeded
OSI/PI/CPP_5592_PRESSURE_R/2020/06/18/CPP_5592_PRESSURE_R_20200618_233001.json,Succeeded
OSI/PI/CPP_317_PRESSURE_R/2020/06/18/CPP_317_PRESSURE_R_20200618_233001.json,Succeeded
OSI/PI/CPP_5692_PRESSURE_R/2020/06/18/CPP_5692_PRESSURE_R_20200618_233001.json,Succeeded
OSI/PI/CPP_592_PRESSURE_R/2020/06/18/CPP_592_PRESSURE_R_20200618_233001.json,Succeeded
OSI/PI/CPP_341_PRESSURE_R/2020/06/18/CPP_341_PRESSURE_R_20200618_233001.json,Succeeded
OSI/PI/CPP_7098_PRESSURE_R/2020/06/18/CPP_7098_PRESSURE_R_20200618_233001.json,Succeeded
OSI/PI/CPP_70_PRESSURE_R/2020/06/18/CPP_70_PRESSURE_R_20200618_233001.json,Succeeded
OSI/PI/CPP_67_PRESSURE_R/2020/06/18/CPP_67_PRESSURE_R_20200618_233001.json,Succeeded
OSI/PI/CPP_6162_PRESSURE_R/2020/06/18/CPP_6162_PRESSURE_R_20200618_233001.json,Succeeded
OSI/PI/CPP_5999_PRESSURE_R/2020/06/18/CPP_5999_PRESSURE_R_20200618_233001.json,Succeeded
OSI/PI/CPP_323_PRESSURE_R/2020/06/18/CPP_323_PRESSURE_R_20200618_233001.json,Succeeded
OSI/PI/CPP_53_PRESSURE_R/2020/06/18/CPP_53_PRESSURE_R_20200618_233001.json,Succeeded
OSI/PI/CPP_3699_PRESSURE_R/2020/06/18/CPP_3699_PRESSURE_R_20200618_233001.json,Succeeded
OSI/PI/CPP_5110_PRESSURE_R/2020/06/18/CPP_5110_PRESSURE_R_20200618_233001.json,Succeeded
OSI/PI/CPP_62_PRESSURE_R/2020/06/18/CPP_62_PRESSURE_R_20200618_233001.json,Succeeded
OSI/PI/CPP_64_PRESSURE_R/2020/06/18/CPP_64_PRESSURE_R_20200618_233001.json,Succeeded
OSI/PI/CPP_3196_PRESSURE_R/2020/06/18/CPP_3196_PRESSURE_R_20200618_233001.json,Succeeded
OSI/PI/CPP_5393_PRESSURE_R/2020/06/18/CPP_5393_PRESSURE_R_20200618_233001.json,Succeeded
OSI/PI/CPP_492_PRESSURE_R/2020/06/18/CPP_492_PRESSURE_R_20200618_233001.json,Succeeded
OSI/PI/CPP_5102_PRESSURE_R/2020/06/18/CPP_5102_PRESSURE_R_20200618_233001.json,Succeeded
OSI/PI/CPP_7199_PRESSURE_R/2020/06/18/CPP_7199_PRESSURE_R_20200618_233001.json,Succeeded
OSI/PI/CPP_497_PRESSURE_R/2020/06/18/CPP_497_PRESSURE_R_20200618_233001.json,Succeeded
OSI/PI/CPP_50_PRESSURE_R/2020/06/18/CPP_50_PRESSURE_R_20200618_233001.json,Succeeded
OSI/PI/CPP_5111_PRESSURE_R/2020/06/18/CPP_5111_PRESSURE_R_20200618_233001.json,Succeeded
OSI/PI/CPP_7079_PRESSURE_R/2020/06/18/CPP_7079_PRESSURE_R_20200618_233001.json,Succeeded
OSI/PI/CPP_4190_PRESSURE_R/2020/06/18/CPP_4190_PRESSURE_R_20200618_233001.json,Succeeded
OSI/PI/CPP_7792_PRESSURE_R/2020/06/18/CPP_7792_PRESSURE_R_20200618_233001.json,Succeeded
OSI/PI/CPP_308_PRESSURE_R/2020/06/18/CPP_308_PRESSURE_R_20200618_233001.json,Succeeded
OSI/PI/CPP_5132_PRESSURE_R/2020/06/18/CPP_5132_PRESSURE_R_20200618_233001.json,Succeeded
OSI/PI/CPP_56_PRESSURE_R/2020/06/18/CPP_56_PRESSURE_R_20200618_233001.json,Succeeded
OSI/PI/CPP_336_PRESSURE_R/2020/06/18/CPP_336_PRESSURE_R_20200618_233001.json,Succeeded
OSI/PI/CPP_5117_PRESSURE_R/2020/06/18/CPP_5117_PRESSURE_R_20200618_233001.json,Succeeded
OSI/PI/CPP_7698_PRESSURE_R/2020/06/18/CPP_7698_PRESSURE_R_20200618_233001.json,Succeeded
OSI/PI/CPP_7305_PRESSURE_R/2020/06/18/CPP_7305_PRESSURE_R_20200618_233001.json,Succeeded
OSI/PI/CPP_5131_PRESSURE_R/2020/06/18/CPP_5131_PRESSURE_R_20200618_233001.json,Succeeded
OSI/PI/CPP_5491_PRESSURE_R/2020/06/18/CPP_5491_PRESSURE_R_20200618_233001.json,Succeeded
OSI/PI/CPP_4691_PRESSURE_R/2020/06/18/CPP_4691_PRESSURE_R_20200618_233001.json,Succeeded
OSI/PI/CPP_2882_PRESSURE_R/2020/06/18/CPP_2882_PRESSURE_R_20200618_233001.json,Succeeded
OSI/PI/CPP_3998_PRESSURE_R/2020/06/18/CPP_3998_PRESSURE_R_20200618_233001.json,Succeeded
OSI/PI/CPP_318_PRESSURE_R/2020/06/18/CPP_318_PRESSURE_R_20200618_233001.json,Succeeded
OSI/PI/CPP_3997_PRESSURE_R/2020/06/18/CPP_3997_PRESSURE_R_20200618_233001.json,Succeeded
OSI/PI/CPP_7092_PRESSURE_R/2020/06/18/CPP_7092_PRESSURE_R_20200618_233001.json,Succeeded
OSI/PI/CPP_346_PRESSURE_R/2020/06/18/CPP_346_PRESSURE_R_20200618_233001.json,Succeeded
OSI/PI/CPP_329_PRESSURE_R/2020/06/18/CPP_329_PRESSURE_R_20200618_233001.json,Succeeded
OSI/PI/CPP_69_PRESSURE_R/2020/06/18/CPP_69_PRESSURE_R_20200618_233001.json,Succeeded
OSI/PI/CPP_6099_PRESSURE_R/2020/06/18/CPP_6099_PRESSURE_R_20200618_233001.json,Succeeded
OSI/PI/CPP_4198_PRESSURE_R/2020/06/18/CPP_4198_PRESSURE_R_20200618_233001.json,Succeeded
OSI/PI/CPP_3592_PRESSURE_R/2020/06/18/CPP_3592_PRESSURE_R_20200618_233001.json,Succeeded
OSI/PI/CPP_799_PRESSURE_R/2020/06/18/CPP_799_PRESSURE_R_20200618_233001.json,Succeeded
OSI/PI/CPP_5294_PRESSURE_R/2020/06/18/CPP_5294_PRESSURE_R_20200618_233001.json,Succeeded
OSI/PI/CPP_5397_PRESSURE_R/2020/06/18/CPP_5397_PRESSURE_R_20200618_233001.json,Succeeded
OSI/PI/CPP_399_PRESSURE_R/2020/06/18/CPP_399_PRESSURE_R_20200618_233001.json,Succeeded
OSI/PI/CPP_6796_PRESSURE_R/2020/06/18/CPP_6796_PRESSURE_R_20200618_233001.json,Succeeded
OSI/PI/CPP_344_PRESSURE_R/2020/06/18/CPP_344_PRESSURE_R_20200618_233001.json,Succeeded
OSI/PI/CPP_6999_PRESSURE_R/2020/06/18/CPP_6999_PRESSURE_R_20200618_233001.json,Succeeded
OSI/PI/CPP_68_PRESSURE_R/2020/06/18/CPP_68_PRESSURE_R_20200618_233001.json,Succeeded
OSI/PI/CPP_37_PRESSURE_R/2020/06/18/CPP_37_PRESSURE_R_20200618_233001.json,Succeeded
OSI/PI/CPP_894_PRESSURE_R/2020/06/18/CPP_894_PRESSURE_R_20200618_233001.json,Succeeded
OSI/PI/CPP_7090_PRESSURE_R/2020/06/18/CPP_7090_PRESSURE_R_20200618_233001.json,Succeeded
OSI/PI/CPP_7095_PRESSURE_R/2020/06/18/CPP_7095_PRESSURE_R_20200618_233001.json,Succeeded
OSI/PI/CPP_6213_PRESSURE_R/2020/06/18/CPP_6213_PRESSURE_R_20200618_233001.json,Succeeded
OSI/PI/CPP_6150_PRESSURE_R/2020/06/18/CPP_6150_PRESSURE_R_20200618_233001.json,Succeeded
OSI/PI/CPP_5121_PRESSURE_R/2020/06/18/CPP_5121_PRESSURE_R_20200618_233001.json,Succeeded
OSI/PI/CPP_5591_PRESSURE_R/2020/06/18/CPP_5591_PRESSURE_R_20200618_233001.json,Succeeded
OSI/PI/CPP_3708_PRESSURE_R/2020/06/18/CPP_3708_PRESSURE_R_20200618_233001.json,Succeeded
OSI/PI/CPP_5130_PRESSURE_R/2020/06/18/CPP_5130_PRESSURE_R_20200618_233001.json,Succeeded
OSI/PI/CPP_6791_PRESSURE_R/2020/06/18/CPP_6791_PRESSURE_R_20200618_233001.json,Succeeded
OSI/PI/CPP_7198_PRESSURE_R/2020/06/18/CPP_7198_PRESSURE_R_20200618_233001.json,Succeeded
OSI/PI/CPP_3197_PRESSURE_R/2020/06/18/CPP_3197_PRESSURE_R_20200618_233001.json,Succeeded
OSI/PI/CPP_5499_PRESSURE_R/2020/06/18/CPP_5499_PRESSURE_R_20200618_233001.json,Succeeded
OSI/PI/CPP_5105_PRESSURE_R/2020/06/18/CPP_5105_PRESSURE_R_20200618_233001.json,Succeeded
OSI/PI/CPP_5492_PRESSURE_R/2020/06/18/CPP_5492_PRESSURE_R_20200618_233001.json,Succeeded
OSI/PI/CPP_8205_PRESSURE_R/2020/06/18/CPP_8205_PRESSURE_R_20200618_233001.json,Succeeded
OSI/PI/CPP_5134_PRESSURE_R/2020/06/18/CPP_5134_PRESSURE_R_20200618_233001.json,Succeeded
OSI/PI/CPP_6299_PRESSURE_R/2020/06/18/CPP_6299_PRESSURE_R_20200618_233001.json,Succeeded
OSI/PI/CPP_6092_PRESSURE_R/2020/06/18/CPP_6092_PRESSURE_R_20200618_233001.json,Succeeded
OSI/PI/CPP_8162_PRESSURE_R/2020/06/18/CPP_8162_PRESSURE_R_20200618_233001.json,Succeeded
OSI/PI/CPP_319_PRESSURE_R/2020/06/18/CPP_319_PRESSURE_R_20200618_233001.json,Succeeded
OSI/PI/CPP_5295_PRESSURE_R/2020/06/18/CPP_5295_PRESSURE_R_20200618_233001.json,Succeeded
OSI/PI/CPP_6155_PRESSURE_R/2020/06/18/CPP_6155_PRESSURE_R_20200618_233001.json,Succeeded
OSI/PI/CPP_3590_PRESSURE_R/2020/06/18/CPP_3590_PRESSURE_R_20200618_233001.json,Succeeded
OSI/PI/CPP_5394_PRESSURE_R/2020/06/18/CPP_5394_PRESSURE_R_20200618_233001.json,Succeeded
OSI/PI/CPP_892_PRESSURE_R/2020/06/18/CPP_892_PRESSURE_R_20200618_233001.json,Succeeded
OSI/PI/CPP_8386_PRESSURE_R/2020/06/18/CPP_8386_PRESSURE_R_20200618_233001.json,Succeeded
OSI/PI/CPP_7094_PRESSURE_R/2020/06/18/CPP_7094_PRESSURE_R_20200618_233001.json,Succeeded
OSI/PI/CPP_7077_PRESSURE_R/2020/06/18/CPP_7077_PRESSURE_R_20200618_233001.json,Succeeded
OSI/PI/CPP_5108_PRESSURE_R/2020/06/18/CPP_5108_PRESSURE_R_20200618_233001.json,Succeeded
OSI/PI/CPP_38_PRESSURE_R/2020/06/18/CPP_38_PRESSURE_R_20200618_233001.json,Succeeded
OSI/PI/CPP_5127_PRESSURE_R/2020/06/18/CPP_5127_PRESSURE_R_20200618_233001.json,Succeeded
OSI/PI/CPP_39_PRESSURE_R/2020/06/18/CPP_39_PRESSURE_R_20200618_233001.json,Succeeded
OSI/PI/CPP_3999_PRESSURE_R/2020/06/18/CPP_3999_PRESSURE_R_20200618_233001.json,Succeeded
OSI/PI/CPP_7498_PRESSURE_R/2020/06/18/CPP_7498_PRESSURE_R_20200618_233001.json,Succeeded
OSI/PI/CPP_3591_PRESSURE_R/2020/06/18/CPP_3591_PRESSURE_R_20200618_233001.json,Succeeded
OSI/PI/CPP_3597_PRESSURE_R/2020/06/18/CPP_3597_PRESSURE_R_20200618_233001.json,Succeeded
OSI/PI/CPP_8383_PRESSURE_R/2020/06/18/CPP_8383_PRESSURE_R_20200618_233001.json,Succeeded
OSI/PI/CPP_63_PRESSURE_R/2020/06/18/CPP_63_PRESSURE_R_20200618_233001.json,Succeeded
OSI/PI/CPP_5197_PRESSURE_R/2020/06/18/CPP_5197_PRESSURE_R_20200618_233001.json,Succeeded
OSI/PI/CPP_4187_PRESSURE_R/2020/06/18/CPP_4187_PRESSURE_R_20200618_233001.json,Succeeded
OSI/PI/CPP_8391_PRESSURE_R/2020/06/18/CPP_8391_PRESSURE_R_20200618_233001.json,Succeeded
OSI/PI/CPP_5299_PRESSURE_R/2020/06/18/CPP_5299_PRESSURE_R_20200618_233001.json,Succeeded
OSI/PI/CPP_5696_PRESSURE_R/2020/06/18/CPP_5696_PRESSURE_R_20200618_233001.json,Succeeded
OSI/PI/CPP_5594_PRESSURE_R/2020/06/18/CPP_5594_PRESSURE_R_20200618_233001.json,Succeeded
OSI/PI/CPP_6797_PRESSURE_R/2020/06/18/CPP_6797_PRESSURE_R_20200618_233001.json,Succeeded
OSI/PI/CPP_3793_PRESSURE_R/2020/06/18/CPP_3793_PRESSURE_R_20200618_233001.json,Succeeded
OSI/PI/CPP_7054_PRESSURE_R/2020/06/18/CPP_7054_PRESSURE_R_20200618_233001.json,Succeeded
OSI/PI/CPP_7081_PRESSURE_R/2020/06/18/CPP_7081_PRESSURE_R_20200618_233001.json,Succeeded
OSI/PI/CPP_3791_PRESSURE_R/2020/06/18/CPP_3791_PRESSURE_R_20200618_233001.json,Succeeded
OSI/PI/CPP_895_PRESSURE_R/2020/06/18/CPP_895_PRESSURE_R_20200618_233001.json,Succeeded
OSI/PI/CPP_7201_PRESSURE_R/2020/06/18/CPP_7201_PRESSURE_R_20200618_233001.json,Succeeded
OSI/PI/CPP_7078_PRESSURE_R/2020/06/18/CPP_7078_PRESSURE_R_20200618_233001.json,Succeeded
OSI/PI/CPP_7097_PRESSURE_R/2020/06/18/CPP_7097_PRESSURE_R_20200618_233001.json,Succeeded
OSI/PI/CPP_5123_PRESSURE_R/2020/06/18/CPP_5123_PRESSURE_R_20200618_233001.json,Succeeded
OSI/PI/CPP_8155_PRESSURE_R/2020/06/18/CPP_8155_PRESSURE_R_20200618_233001.json,Succeeded
OSI/PI/CPP_398_PRESSURE_R/2020/06/18/CPP_398_PRESSURE_R_20200618_233001.json,Succeeded
OSI/PI/CPP_661_PRESSURE_R/2020/06/18/CPP_661_PRESSURE_R_20200618_233001.json,Succeeded
OSI/PI/CPP_8151_PRESSURE_R/2020/06/18/CPP_8151_PRESSURE_R_20200618_233001.json,Succeeded
OSI/PI/CPP_8409_PRESSURE_R/2020/06/18/CPP_8409_PRESSURE_R_20200618_233001.json,Succeeded
OSI/PI/CPP_4518_PRESSURE_R/2020/06/18/CPP_4518_PRESSURE_R_20200618_233001.json,Succeeded
OSI/PI/CPP_6164_PRESSURE_R/2020/06/18/CPP_6164_PRESSURE_R_20200618_233001.json,Succeeded
OSI/PI/CPP_8158_PRESSURE_R/2020/06/18/CPP_8158_PRESSURE_R_20200618_233001.json,Succeeded
OSI/PI/CPP_59_PRESSURE_R/2020/06/18/CPP_59_PRESSURE_R_20200618_233001.json,Succeeded
OSI/PI/CPP_5137_PRESSURE_R/2020/06/18/CPP_5137_PRESSURE_R_20200618_233001.json,Succeeded
OSI/PI/CPP_66_PRESSURE_R/2020/06/18/CPP_66_PRESSURE_R_20200618_233001.json,Succeeded
OSI/PI/CPP_6151_PRESSURE_R/2020/06/18/CPP_6151_PRESSURE_R_20200618_233001.json,Succeeded
OSI/PI/CPP_8705_PRESSURE_R/2020/06/18/CPP_8705_PRESSURE_R_20200618_233001.json,Succeeded
OSI/PI/CPP_342_PRESSURE_R/2020/06/18/CPP_342_PRESSURE_R_20200618_233001.json,Succeeded
OSI/PI/CPP_5593_PRESSURE_R/2020/06/18/CPP_5593_PRESSURE_R_20200618_233001.json,Succeeded
OSI/PI/CPP_3692_PRESSURE_R/2020/06/18/CPP_3692_PRESSURE_R_20200618_233001.json,Succeeded
OSI/PI/CPP_5396_PRESSURE_R/2020/06/18/CPP_5396_PRESSURE_R_20200618_233001.json,Succeeded
OSI/PI/CPP_7091_PRESSURE_R/2020/06/18/CPP_7091_PRESSURE_R_20200618_233001.json,Succeeded
OSI/PI/CPP_5298_PRESSURE_R/2020/06/18/CPP_5298_PRESSURE_R_20200618_233001.json,Succeeded
OSI/PI/CPP_5122_PRESSURE_R/2020/06/18/CPP_5122_PRESSURE_R_20200618_233001.json,Succeeded
OSI/PI/CPP_8159_PRESSURE_R/2020/06/18/CPP_8159_PRESSURE_R_20200618_233001.json,Succeeded
OSI/PI/CPP_5136_PRESSURE_R/2020/06/18/CPP_5136_PRESSURE_R_20200618_233001.json,Succeeded
OSI/PI/CPP_5796_PRESSURE_R/2020/06/18/CPP_5796_PRESSURE_R_20200618_233001.json,Succeeded
OSI/PI/CPP_998_PRESSURE_R/2020/06/18/CPP_998_PRESSURE_R_20200618_233001.json,Succeeded
OSI/PI/CPP_52_PRESSURE_R/2020/06/18/CPP_52_PRESSURE_R_20200618_233001.json,Succeeded
OSI/PI/CPP_499_PRESSURE_R/2020/06/18/CPP_499_PRESSURE_R_20200618_233001.json,Succeeded
OSI/PI/CPP_8603_PRESSURE_R/2020/06/18/CPP_8603_PRESSURE_R_20200618_233001.json,Succeeded
OSI/PI/CPP_6792_PRESSURE_R/2020/06/18/CPP_6792_PRESSURE_R_20200618_233001.json,Succeeded
OSI/PI/CPP_5694_PRESSURE_R/2020/06/18/CPP_5694_PRESSURE_R_20200618_233001.json,Succeeded
OSI/PI/CPP_491_PRESSURE_R/2020/06/18/CPP_491_PRESSURE_R_20200618_233001.json,Succeeded
OSI/PI/CPP_8393_PRESSURE_R/2020/06/18/CPP_8393_PRESSURE_R_20200618_233001.json,Succeeded
OSI/PI/CPP_5691_PRESSURE_R/2020/06/18/CPP_5691_PRESSURE_R_20200618_233001.json,Succeeded
OSI/PI/CPP_7691_PRESSURE_R/2020/06/18/CPP_7691_PRESSURE_R_20200618_233001.json,Succeeded
OSI/PI/CPP_7085_PRESSURE_R/2020/06/18/CPP_7085_PRESSURE_R_20200618_233001.json,Succeeded
OSI/PI/CPP_7096_PRESSURE_R/2020/06/18/CPP_7096_PRESSURE_R_20200618_233001.json,Succeeded
OSI/PI/CPP_6212_PRESSURE_R/2020/06/18/CPP_6212_PRESSURE_R_20200618_233001.json,Succeeded
OSI/PI/CPP_8156_PRESSURE_R/2020/06/18/CPP_8156_PRESSURE_R_20200618_233001.json,Succeeded
OSI/PI/CPP_5699_PRESSURE_R/2020/06/18/CPP_5699_PRESSURE_R_20200618_233001.json,Succeeded
OSI/PI/CPP_7891_PRESSURE_R/2020/06/18/CPP_7891_PRESSURE_R_20200618_233001.json,Succeeded
OSI/PI/CPP_72_PRESSURE_R/2020/06/18/CPP_72_PRESSURE_R_20200618_233001.json,Succeeded
OSI/PI/CPP_76_PRESSURE_R/2020/06/18/CPP_76_PRESSURE_R_20200618_233001.json,Succeeded
OSI/PI/CPP_5697_PRESSURE_R/2020/06/18/CPP_5697_PRESSURE_R_20200618_233001.json,Succeeded
OSI/PI/CPP_4199_PRESSURE_R/2020/06/18/CPP_4199_PRESSURE_R_20200618_233001.json,Succeeded
OSI/PI/CPP_8153_PRESSURE_R/2020/06/18/CPP_8153_PRESSURE_R_20200618_233001.json,Succeeded
OSI/PI/CPP_9891_PRESSURE_R/2020/06/18/CPP_9891_PRESSURE_R_20200618_233001.json,Succeeded
OSI/PI/CPP_496_PRESSURE_R/2020/06/18/CPP_496_PRESSURE_R_20200618_233001.json,Succeeded
OSI/PI/CPP_7197_PRESSURE_R/2020/06/18/CPP_7197_PRESSURE_R_20200618_233001.json,Succeeded
OSI/PI/CPP_8204_PRESSURE_R/2020/06/18/CPP_8204_PRESSURE_R_20200618_233001.json,Succeeded
OSI/PI/CPP_6502_PRESSURE_R/2020/06/18/CPP_6502_PRESSURE_R_20200618_233001.json,Succeeded
OSI/PI/CPP_5598_PRESSURE_R/2020/06/18/CPP_5598_PRESSURE_R_20200618_233001.json,Succeeded
OSI/PI/CPP_7082_PRESSURE_R/2020/06/18/CPP_7082_PRESSURE_R_20200618_233001.json,Succeeded
OSI/PI/CPP_6153_PRESSURE_R/2020/06/18/CPP_6153_PRESSURE_R_20200618_233001.json,Succeeded
OSI/PI/CPP_3599_PRESSURE_R/2020/06/18/CPP_3599_PRESSURE_R_20200618_233001.json,Succeeded
OSI/PI/CPP_6152_PRESSURE_R/2020/06/18/CPP_6152_PRESSURE_R_20200618_233001.json,Succeeded
OSI/PI/CPP_4188_PRESSURE_R/2020/06/18/CPP_4188_PRESSURE_R_20200618_233001.json,Succeeded
OSI/PI/CPP_6501_PRESSURE_R/2020/06/18/CPP_6501_PRESSURE_R_20200618_233001.json,Succeeded
OSI/PI/CPP_8396_PRESSURE_R/2020/06/18/CPP_8396_PRESSURE_R_20200618_233001.json,Succeeded
OSI/PI/CPP_8152_PRESSURE_R/2020/06/18/CPP_8152_PRESSURE_R_20200618_233001.json,Succeeded
OSI/PI/CPP_5139_PRESSURE_R/2020/06/18/CPP_5139_PRESSURE_R_20200618_233001.json,Succeeded
OSI/PI/CPP_6607_PRESSURE_R/2020/06/18/CPP_6607_PRESSURE_R_20200618_233001.json,Succeeded
OSI/PI/CPP_5297_PRESSURE_R/2020/06/18/CPP_5297_PRESSURE_R_20200618_233001.json,Succeeded
OSI/PI/CPP_5199_PRESSURE_R/2020/06/18/CPP_5199_PRESSURE_R_20200618_233001.json,Succeeded
OSI/PI/CPP_7215_PRESSURE_R/2020/06/18/CPP_7215_PRESSURE_R_20200618_233001.json,Succeeded
OSI/PI/CPP_5899_PRESSURE_R/2020/06/18/CPP_5899_PRESSURE_R_20200618_233001.json,Succeeded
OSI/PI/CPP_5998_PRESSURE_R/2020/06/18/CPP_5998_PRESSURE_R_20200618_233001.json,Succeeded
OSI/PI/CPP_8999_PRESSURE_R/2020/06/18/CPP_8999_PRESSURE_R_20200618_233001.json,Succeeded
OSI/PI/CPP_6298_PRESSURE_R/2020/06/18/CPP_6298_PRESSURE_R_20200618_233001.json,Succeeded
OSI/PI/CPP_8387_PRESSURE_R/2020/06/18/CPP_8387_PRESSURE_R_20200618_233001.json,Succeeded
OSI/PI/CPP_736_PRESSURE_R/2020/06/18/CPP_736_PRESSURE_R_20200618_233001.json,Succeeded
OSI/PI/CPP_7084_PRESSURE_R/2020/06/18/CPP_7084_PRESSURE_R_20200618_233001.json,Succeeded
OSI/PI/CPP_8157_PRESSURE_R/2020/06/18/CPP_8157_PRESSURE_R_20200618_233001.json,Succeeded
OSI/PI/CPP_5803_PRESSURE_R/2020/06/18/CPP_5803_PRESSURE_R_20200618_233001.json,Succeeded
OSI/PI/CPP_898_PRESSURE_R/2020/06/18/CPP_898_PRESSURE_R_20200618_233001.json,Succeeded
OSI/PI/CPP_8389_PRESSURE_R/2020/06/18/CPP_8389_PRESSURE_R_20200618_233001.json,Succeeded
OSI/PI/CPP_8154_PRESSURE_R/2020/06/18/CPP_8154_PRESSURE_R_20200618_233001.json,Succeeded
OSI/PI/CPP_6156_PRESSURE_R/2020/06/18/CPP_6156_PRESSURE_R_20200618_233001.json,Succeeded
OSI/PI/CPP_54_PRESSURE_R/2020/06/18/CPP_54_PRESSURE_R_20200618_233001.json,Succeeded
OSI/PI/CPP_9999_PRESSURE_R/2020/06/18/CPP_9999_PRESSURE_R_20200618_233001.json,Succeeded
OSI/PI/CPP_5698_PRESSURE_R/2020/06/18/CPP_5698_PRESSURE_R_20200618_233001.json,Succeeded
OSI/PI/CPP_7491_PRESSURE_R/2020/06/18/CPP_7491_PRESSURE_R_20200618_233001.json,Succeeded
OSI/PI/CPP_7192_PRESSURE_R/2020/06/18/CPP_7192_PRESSURE_R_20200618_233001.json,Succeeded
OSI/PI/CPP_58_PRESSURE_R/2020/06/18/CPP_58_PRESSURE_R_20200618_233001.json,Succeeded
OSI/PI/CPP_7791_PRESSURE_R/2020/06/18/CPP_7791_PRESSURE_R_20200618_233001.json,Succeeded
OSI/PI/CPP_7803_PRESSURE_R/2020/06/18/CPP_7803_PRESSURE_R_20200618_233001.json,Succeeded
OSI/PI/CPP_498_PRESSURE_R/2020/06/18/CPP_498_PRESSURE_R_20200618_233001.json,Succeeded
OSI/PI/CPP_6610_PRESSURE_R/2020/06/18/CPP_6610_PRESSURE_R_20200618_233001.json,Succeeded
OSI/PI/CPP_5106_PRESSURE_R/2020/06/18/CPP_5106_PRESSURE_R_20200618_233001.json,Succeeded
OSI/PI/CPP_7191_PRESSURE_R/2020/06/18/CPP_7191_PRESSURE_R_20200618_233001.json,Succeeded
OSI/PI/CPP_71_PRESSURE_R/2020/06/18/CPP_71_PRESSURE_R_20200618_233001.json,Succeeded
OSI/PI/CPP_6611_PRESSURE_R/2020/06/18/CPP_6611_PRESSURE_R_20200618_233001.json,Succeeded
OSI/PI/CPP_7055_PRESSURE_R/2020/06/18/CPP_7055_PRESSURE_R_20200618_233001.json,Succeeded
OSI/PI/CPP_6159_PRESSURE_R/2020/06/18/CPP_6159_PRESSURE_R_20200618_233001.json,Succeeded
OSI/PI/CPP_8104_PRESSURE_R/2020/06/18/CPP_8104_PRESSURE_R_20200618_233001.json,Succeeded
OSI/PI/CPP_6160_PRESSURE_R/2020/06/18/CPP_6160_PRESSURE_R_20200618_233001.json,Succeeded
OSI/PI/CPP_6304_PRESSURE_R/2020/06/18/CPP_6304_PRESSURE_R_20200618_233001.json,Succeeded
OSI/PI/CPP_65_PRESSURE_R/2020/06/18/CPP_65_PRESSURE_R_20200618_233001.json,Succeeded
OSI/PI/CPP_735_PRESSURE_R/2020/06/18/CPP_735_PRESSURE_R_20200618_233001.json,Succeeded
OSI/PI/CPP_995_PRESSURE_R/2020/06/18/CPP_995_PRESSURE_R_20200618_233001.json,Succeeded
OSI/PI/CPP_7087_PRESSURE_R/2020/06/18/CPP_7087_PRESSURE_R_20200618_233001.json,Succeeded
OSI/PI/CPP_6157_PRESSURE_R/2020/06/18/CPP_6157_PRESSURE_R_20200618_233001.json,Succeeded
OSI/PI/CPP_5898_PRESSURE_R/2020/06/18/CPP_5898_PRESSURE_R_20200618_233001.json,Succeeded
OSI/PI/CPP_8384_PRESSURE_R/2020/06/18/CPP_8384_PRESSURE_R_20200618_233001.json,Succeeded
OSI/PI/CPP_5991_PRESSURE_R/2020/06/18/CPP_5991_PRESSURE_R_20200618_233001.json,Succeeded
OSI/PI/CPP_8161_PRESSURE_R/2020/06/18/CPP_8161_PRESSURE_R_20200618_233001.json,Succeeded
OSI/PI/CPP_5099_PRESSURE_R/2020/06/18/CPP_5099_PRESSURE_R_20200618_233001.json,Succeeded
OSI/PI/CPP_6795_PRESSURE_R/2020/06/18/CPP_6795_PRESSURE_R_20200618_233001.json,Succeeded
OSI/PI/CPP_5124_PRESSURE_R/2020/06/18/CPP_5124_PRESSURE_R_20200618_233001.json,Succeeded
OSI/PI/CPP_83_PRESSURE_R/2020/06/18/CPP_83_PRESSURE_R_20200618_233001.json,Succeeded
OSI/PI/CPP_8202_PRESSURE_R/2020/06/18/CPP_8202_PRESSURE_R_20200618_233001.json,Succeeded
OSI/PI/CPP_891_PRESSURE_R/2020/06/18/CPP_891_PRESSURE_R_20200618_233001.json,Succeeded
OSI/PI/CPP_7699_PRESSURE_R/2020/06/18/CPP_7699_PRESSURE_R_20200618_233001.json,Succeeded
OSI/PI/CPP_6161_PRESSURE_R/2020/06/18/CPP_6161_PRESSURE_R_20200618_233001.json,Succeeded
OSI/PI/CPP_9991_PRESSURE_R/2020/06/18/CPP_9991_PRESSURE_R_20200618_233001.json,Succeeded
OSI/PI/CPP_8388_PRESSURE_R/2020/06/18/CPP_8388_PRESSURE_R_20200618_233001.json,Succeeded
OSI/PI/CPP_6798_PRESSURE_R/2020/06/18/CPP_6798_PRESSURE_R_20200618_233001.json,Succeeded
OSI/PI/CPP_6794_PRESSURE_R/2020/06/18/CPP_6794_PRESSURE_R_20200618_233001.json,Succeeded
OSI/PI/CPP_8150_PRESSURE_R/2020/06/18/CPP_8150_PRESSURE_R_20200618_233001.json,Succeeded
OSI/PI/CPP_73_PRESSURE_R/2020/06/18/CPP_73_PRESSURE_R_20200618_233001.json,Succeeded
OSI/PI/CPP_6503_PRESSURE_R/2020/06/18/CPP_6503_PRESSURE_R_20200618_233001.json,Succeeded
OSI/PI/CPP_60_PRESSURE_R/2020/06/18/CPP_60_PRESSURE_R_20200618_233001.json,Succeeded
OSI/PI/CPP_6710_PRESSURE_R/2020/06/18/CPP_6710_PRESSURE_R_20200618_233001.json,Succeeded
OSI/PI/CPP_991_PRESSURE_R/2020/06/18/CPP_991_PRESSURE_R_20200618_233001.json,Succeeded
OSI/PI/CPP_7093_PRESSURE_R/2020/06/18/CPP_7093_PRESSURE_R_20200618_233001.json,Succeeded
OSI/PI/CPP_75_PRESSURE_R/2020/06/18/CPP_75_PRESSURE_R_20200618_233001.json,Succeeded
OSI/PI/CPP_5133_PRESSURE_R/2020/06/18/CPP_5133_PRESSURE_R_20200618_233001.json,Succeeded
OSI/PI/CPP_8799_PRESSURE_R/2020/06/18/CPP_8799_PRESSURE_R_20200618_233001.json,Succeeded
OSI/PI/CPP_8395_PRESSURE_R/2020/06/18/CPP_8395_PRESSURE_R_20200618_233001.json,Succeeded
OSI/PI/CPP_6163_PRESSURE_R/2020/06/18/CPP_6163_PRESSURE_R_20200618_233001.json,Succeeded
OSI/PI/CPP_893_PRESSURE_R/2020/06/18/CPP_893_PRESSURE_R_20200618_233001.json,Succeeded
OSI/PI/CPP_9299_PRESSURE_R/2020/06/18/CPP_9299_PRESSURE_R_20200618_233001.json,Succeeded
OSI/PI/CPP_8704_PRESSURE_R/2020/06/18/CPP_8704_PRESSURE_R_20200618_233001.json,Succeeded
OSI/PI/CPP_8385_PRESSURE_R/2020/06/18/CPP_8385_PRESSURE_R_20200618_233001.json,Succeeded
OSI/PI/CPP_7076_PRESSURE_R/2020/06/18/CPP_7076_PRESSURE_R_20200618_233001.json,Succeeded
OSI/PI/CPP_6158_PRESSURE_R/2020/06/18/CPP_6158_PRESSURE_R_20200618_233001.json,Succeeded
OSI/PI/CPP_692_PRESSURE_R/2020/06/18/CPP_692_PRESSURE_R_20200618_233001.json,Succeeded
OSI/PI/CPP_899_PRESSURE_R/2020/06/18/CPP_899_PRESSURE_R_20200618_233001.json,Succeeded
OSI/PI/CPP_8206_PRESSURE_R/2020/06/18/CPP_8206_PRESSURE_R_20200618_233001.json,Succeeded
OSI/PI/CPP_591_PRESSURE_R/2020/06/18/CPP_591_PRESSURE_R_20200618_233001.json,Succeeded
OSI/PI/CPP_8998_PRESSURE_R/2020/06/18/CPP_8998_PRESSURE_R_20200618_233001.json,Succeeded
OSI/PI/CPP_87_PRESSURE_R/2020/06/18/CPP_87_PRESSURE_R_20200618_233001.json,Succeeded
OSI/PI/CPP_7499_PRESSURE_R/2020/06/18/CPP_7499_PRESSURE_R_20200618_233001.json,Succeeded
OSI/PI/CPP_897_PRESSURE_R/2020/06/18/CPP_897_PRESSURE_R_20200618_233001.json,Succeeded
OSI/PI/CPP_8392_PRESSURE_R/2020/06/18/CPP_8392_PRESSURE_R_20200618_233001.json,Succeeded
OSI/PI/CPP_9871_PRESSURE_R/2020/06/18/CPP_9871_PRESSURE_R_20200618_233001.json,Succeeded
OSI/PI/CPP_7089_PRESSURE_R/2020/06/18/CPP_7089_PRESSURE_R_20200618_233001.json,Succeeded
OSI/PI/CPP_8399_PRESSURE_R/2020/06/18/CPP_8399_PRESSURE_R_20200618_233001.json,Succeeded
OSI/PI/CPP_7103_PRESSURE_R/2020/06/18/CPP_7103_PRESSURE_R_20200618_233001.json,Succeeded
OSI/PI/CPP_994_PRESSURE_R/2020/06/18/CPP_994_PRESSURE_R_20200618_233001.json,Succeeded
OSI/PI/CPP_8720_PRESSURE_R/2020/06/18/CPP_8720_PRESSURE_R_20200618_233001.json,Succeeded
OSI/PI/CPP_992_PRESSURE_R/2020/06/18/CPP_992_PRESSURE_R_20200618_233001.json,Succeeded
